Source,Value
Average Salary,24021353.845499996
Average Mentions,4.2171264367816095
Average PPG,15.327299999999994
