Source,Value
Average Mentions,4.545977011494253
Average PPG,15.327299999999994
Average Salary,24021353.845499996
